{
  "ranks": 2,
  "N": 10000,
  "max_duration": 191.31411695480347,
  "avg_duration": 191.2991896867752,
  "success": true
}